{
  "extrinsic": {
    "quaternion": [
      0.5946970238045494, -0.5837953694518585, 0.39063952590941586,
      -0.3910488170060691
    ],
    "translation": [3.7484, 0.0, 0.6577999999999999]
  },
  "intrinsic": {
    "aspect_ratio": 1.0,
    "cx_offset": 0.5280238699253772,
    "cy_offset": -0.13670228489986314,
    "height": 1088.0,
    "k1": 0.012650912645277497,
    "k2": 0.0037160551735839586,
    "k3": 0.0177241465792193,
    "k4": -0.012130089394202662,
    "model": "radial_poly",
    "poly_order": 4,
    "width": 1240.0
  },
  "name": "ES"
}
